CWE,Vulnerability Type,File,Line,Number of Sources
CWE-916,Weak Password Hashing,src/main/java/org/sasanlabs/service/vulnerability/authentication/AuthenticationVulnerability.java,113,1
CWE-916,Weak Password Hashing,src/main/java/org/sasanlabs/service/vulnerability/authentication/AuthenticationVulnerability.java,151,1
CWE-916,Weak Password Hashing,src/main/java/org/sasanlabs/service/vulnerability/authentication/AuthenticationVulnerability.java,190,1
CWE-349,Web Cache Poisoning,src/main/java/org/sasanlabs/service/vulnerability/cachePoisoning/CachePoisoningVulnerability.java,67,1
CWE-79,Reflected XSS,src/main/java/org/sasanlabs/service/vulnerability/cachePoisoning/CachePoisoningVulnerability.java,71,1
CWE-349,Web Cache Poisoning,src/main/java/org/sasanlabs/service/vulnerability/cachePoisoning/CachePoisoningVulnerability.java,91,1
CWE-79,Reflected XSS,src/main/java/org/sasanlabs/service/vulnerability/cachePoisoning/CachePoisoningVulnerability.java,95,1
CWE-349,Web Cache Poisoning,src/main/java/org/sasanlabs/service/vulnerability/cachePoisoning/CachePoisoningVulnerability.java,115,1
CWE-79,Reflected XSS,src/main/java/org/sasanlabs/service/vulnerability/cachePoisoning/CachePoisoningVulnerability.java,119,1
CWE-349,Web Cache Poisoning,src/main/java/org/sasanlabs/service/vulnerability/cachePoisoning/CachePoisoningVulnerability.java,139,1
CWE-1021,Clickjacking,src/main/java/org/sasanlabs/service/vulnerability/clickjacking/ClickjackingVulnerability.java,46,1
CWE-1021,Clickjacking,src/main/java/org/sasanlabs/service/vulnerability/clickjacking/ClickjackingVulnerability.java,72,1
CWE-1021,Clickjacking,src/main/java/org/sasanlabs/service/vulnerability/clickjacking/ClickjackingVulnerability.java,102,1
CWE-1021,Clickjacking,src/main/java/org/sasanlabs/service/vulnerability/clickjacking/ClickjackingVulnerability.java,165,1
CWE-1021,Clickjacking,src/main/java/org/sasanlabs/service/vulnerability/clickjacking/ClickjackingVulnerability.java,192,1
CWE-77,Command Injection,src/main/java/org/sasanlabs/service/vulnerability/commandInjection/CommandInjection.java,64,1
CWE-77,Command Injection,src/main/java/org/sasanlabs/service/vulnerability/commandInjection/CommandInjection.java,78,1
CWE-77,Command Injection,src/main/java/org/sasanlabs/service/vulnerability/commandInjection/CommandInjection.java,101,1
CWE-77,Command Injection,src/main/java/org/sasanlabs/service/vulnerability/commandInjection/CommandInjection.java,127,1
CWE-77,Command Injection,src/main/java/org/sasanlabs/service/vulnerability/commandInjection/CommandInjection.java,152,1
CWE-639,IDOR,src/main/java/org/sasanlabs/service/vulnerability/idor/IDORVulnerability.java,68,1
CWE-639,IDOR,src/main/java/org/sasanlabs/service/vulnerability/idor/IDORVulnerability.java,107,1
CWE-639,IDOR,src/main/java/org/sasanlabs/service/vulnerability/idor/IDORVulnerability.java,143,1
CWE-639,IDOR,src/main/java/org/sasanlabs/service/vulnerability/idor/IDORVulnerability.java,192,1
CWE-522,Client Side Vulnerable Jwt,src/main/java/org/sasanlabs/service/vulnerability/jwt/JWTVulnerability.java,95,1
CWE-522,Client Side Vulnerable Jwt,src/main/java/org/sasanlabs/service/vulnerability/jwt/JWTVulnerability.java,126,1
CWE-522,Client Side Vulnerable Jwt,src/main/java/org/sasanlabs/service/vulnerability/jwt/JWTVulnerability.java,178,1
CWE-522,Client Side Vulnerable Jwt,src/main/java/org/sasanlabs/service/vulnerability/jwt/JWTVulnerability.java,229,1
CWE-1188,Insecure Configuration Jwt,src/main/java/org/sasanlabs/service/vulnerability/jwt/JWTVulnerability.java,232,1
CWE-522,Client Side Vulnerable Jwt,src/main/java/org/sasanlabs/service/vulnerability/jwt/JWTVulnerability.java,284,1
CWE-347,Server Side Vulnerable Jwt,src/main/java/org/sasanlabs/service/vulnerability/jwt/JWTVulnerability.java,287,1
CWE-522,Client Side Vulnerable Jwt,src/main/java/org/sasanlabs/service/vulnerability/jwt/JWTVulnerability.java,339,1
CWE-347,Server Side Vulnerable Jwt,src/main/java/org/sasanlabs/service/vulnerability/jwt/JWTVulnerability.java,342,1
CWE-522,Client Side Vulnerable Jwt,src/main/java/org/sasanlabs/service/vulnerability/jwt/JWTVulnerability.java,400,1
CWE-522,Client Side Vulnerable Jwt,src/main/java/org/sasanlabs/service/vulnerability/jwt/JWTVulnerability.java,444,1
CWE-347,Server Side Vulnerable Jwt,src/main/java/org/sasanlabs/service/vulnerability/jwt/JWTVulnerability.java,447,1
CWE-522,Client Side Vulnerable Jwt,src/main/java/org/sasanlabs/service/vulnerability/jwt/JWTVulnerability.java,498,1
CWE-347,Server Side Vulnerable Jwt,src/main/java/org/sasanlabs/service/vulnerability/jwt/JWTVulnerability.java,501,1
CWE-522,Client Side Vulnerable Jwt,src/main/java/org/sasanlabs/service/vulnerability/jwt/JWTVulnerability.java,550,1
CWE-347,Server Side Vulnerable Jwt,src/main/java/org/sasanlabs/service/vulnerability/jwt/JWTVulnerability.java,553,1
CWE-113,Header Injection,src/main/java/org/sasanlabs/service/vulnerability/jwt/JWTVulnerability.java,668,1
CWE-1188,Insecure Configuration Jwt,src/main/java/org/sasanlabs/service/vulnerability/jwt/JWTVulnerability.java,714,1
CWE-347,Server Side Vulnerable Jwt,src/main/java/org/sasanlabs/service/vulnerability/jwt/JWTVulnerability.java,768,1
CWE-1188,Insecure Configuration Jwt,src/main/java/org/sasanlabs/service/vulnerability/jwt/JWTVulnerability.java,821,1
CWE-90,Ldap Injection,src/main/java/org/sasanlabs/service/vulnerability/ldapInjection/LDAPInjectionVulnerability.java,102,1
CWE-90,Ldap Injection,src/main/java/org/sasanlabs/service/vulnerability/ldapInjection/LDAPInjectionVulnerability.java,131,1
CWE-90,Ldap Injection,src/main/java/org/sasanlabs/service/vulnerability/ldapInjection/LDAPInjectionVulnerability.java,160,1
CWE-90,Ldap Injection,src/main/java/org/sasanlabs/service/vulnerability/ldapInjection/LDAPInjectionVulnerability.java,215,1
CWE-90,Ldap Injection,src/main/java/org/sasanlabs/service/vulnerability/ldapInjection/LDAPInjectionVulnerability.java,254,1
CWE-601,Open Redirect,src/main/java/org/sasanlabs/service/vulnerability/openRedirect/Http3xxStatusCodeBasedInjection.java,73,1
CWE-601,Open Redirect,src/main/java/org/sasanlabs/service/vulnerability/openRedirect/Http3xxStatusCodeBasedInjection.java,99,1
CWE-601,Open Redirect,src/main/java/org/sasanlabs/service/vulnerability/openRedirect/Http3xxStatusCodeBasedInjection.java,133,1
CWE-601,Open Redirect,src/main/java/org/sasanlabs/service/vulnerability/openRedirect/Http3xxStatusCodeBasedInjection.java,166,1
CWE-601,Open Redirect,src/main/java/org/sasanlabs/service/vulnerability/openRedirect/Http3xxStatusCodeBasedInjection.java,203,1
CWE-601,Open Redirect,src/main/java/org/sasanlabs/service/vulnerability/openRedirect/Http3xxStatusCodeBasedInjection.java,239,1
CWE-601,Open Redirect,src/main/java/org/sasanlabs/service/vulnerability/openRedirect/Http3xxStatusCodeBasedInjection.java,269,1
CWE-601,Open Redirect,src/main/java/org/sasanlabs/service/vulnerability/openRedirect/Http3xxStatusCodeBasedInjection.java,319,1
CWE-601,Open Redirect,src/main/java/org/sasanlabs/service/vulnerability/openRedirect/Http3xxStatusCodeBasedInjection.java,344,1
CWE-640,Predictable Password Reset Token,src/main/java/org/sasanlabs/service/vulnerability/passwordReset/PasswordResetService.java,179,1
CWE-640,Password Reset Token Without Expiry,src/main/java/org/sasanlabs/service/vulnerability/passwordReset/PasswordResetService.java,240,1
CWE-640,Reusable Password Reset Token,src/main/java/org/sasanlabs/service/vulnerability/passwordReset/PasswordResetService.java,244,1
CWE-204,Username Enumeration,src/main/java/org/sasanlabs/service/vulnerability/passwordReset/PasswordResetService.java,236,1
CWE-319,Insecure Password Reset Link,src/main/java/org/sasanlabs/service/vulnerability/passwordReset/PasswordResetService.java,229,1
CWE-330,Weak Random Number Generation,src/main/java/org/sasanlabs/service/vulnerability/passwordReset/PasswordResetService.java,187,1
CWE-200,Password Reset Token Exposed Via Referrer,src/main/java/org/sasanlabs/service/vulnerability/passwordReset/PasswordResetService.java,222,1
CWE-640,Predictable Password Reset Token,src/main/java/org/sasanlabs/service/vulnerability/passwordReset/PasswordResetService.java,201,1
CWE-307,No Login Rate Limiting,src/main/java/org/sasanlabs/service/vulnerability/passwordReset/PasswordResetService.java,252,1
CWE-384,Session Fixation,src/main/java/org/sasanlabs/service/vulnerability/sessionManagement/SessionManagementService.java,87,1
CWE-330,Predictable Session Id,src/main/java/org/sasanlabs/service/vulnerability/sessionManagement/SessionManagementService.java,107,1
CWE-330,Obscured Predictable Session Id,src/main/java/org/sasanlabs/service/vulnerability/sessionManagement/SessionManagementService.java,130,1
CWE-613,Missing Logout Invalidation,src/main/java/org/sasanlabs/service/vulnerability/sessionManagement/SessionManagementService.java,276,1
CWE-307,No Login Rate Limiting,src/main/java/org/sasanlabs/service/vulnerability/sessionManagement/SessionManagementService.java,177,1
CWE-918,SSRF,src/main/java/org/sasanlabs/service/vulnerability/ssrf/SSRFVulnerability.java,91,1
CWE-918,SSRF,src/main/java/org/sasanlabs/service/vulnerability/ssrf/SSRFVulnerability.java,105,1
CWE-918,SSRF,src/main/java/org/sasanlabs/service/vulnerability/ssrf/SSRFVulnerability.java,121,1
CWE-918,SSRF,src/main/java/org/sasanlabs/service/vulnerability/ssrf/SSRFVulnerability.java,138,1
CWE-611,Xxe,src/main/java/org/sasanlabs/service/vulnerability/xxe/XXEVulnerability.java,64,1
CWE-611,Xxe,src/main/java/org/sasanlabs/service/vulnerability/xxe/XXEVulnerability.java,137,1
